Model,Accuracy,Precision,Recall,F1 Score,ROC AUC
Logistic Regression,0.8769230769230769,0.8943833943833943,0.8969135802469136,0.8864734299516908,0.9597205977907732
SVM,0.9538461538461539,0.9521531100478469,0.9629629629629629,0.9555101319807203,0.9851202079272254
KNN,0.8769230769230769,0.8960363872644574,0.9012345679012346,0.8833745864273155,0.9896166341780376
Random Forest,0.8923076923076924,0.8940723019670388,0.9049382716049382,0.8976203093850152,0.990682261208577
Gradient Boosting,0.9384615384615385,0.9389778794813118,0.9506172839506174,0.9410685103708359,0.9982846003898636
XGBoost,0.9538461538461539,0.9565217391304347,0.9629629629629629,0.9571363429092568,0.9986094866796621
LightGBM,0.9384615384615385,0.937376775271512,0.9462962962962962,0.9409597214475264,0.9874770851478578
