Model,Accuracy,Precision,Recall,F1 Score,ROC AUC
Logistic Regression,0.8769230769230769,0.8876811594202899,0.8925925925925927,0.8860606060606061,0.964541910331384
SVM,0.8307692307692308,0.8567947646895014,0.8598765432098765,0.8400650650650651,0.9507732293697205
KNN,0.8153846153846154,0.8230358504958047,0.834567901234568,0.8257196731615336,0.9506075373619233
Random Forest,0.9384615384615385,0.937376775271512,0.9462962962962962,0.9409597214475264,0.9958739441195581
Gradient Boosting,0.9384615384615385,0.9389778794813118,0.9506172839506174,0.9410685103708359,0.9975893437296947
XGBoost,0.9538461538461539,0.9565217391304347,0.9629629629629629,0.9571363429092568,0.9979142300194933
LightGBM,0.9384615384615385,0.937376775271512,0.9462962962962962,0.9409597214475264,0.9874770851478578
