Model,Accuracy,Precision,Recall,F1 Score,ROC AUC
Logistic Regression,0.9347826086956522,0.9458994708994709,0.9353535353535353,0.9374163879598661,0.9721364233006025
SVM,0.9565217391304348,0.9624163879598662,0.9575757575757576,0.9592156862745098,0.992045942045942
KNN,0.9347826086956522,0.9468994708994709,0.9301587301587302,0.9346343274534764,0.9840335282126327
Random Forest,0.9565217391304348,0.9624163879598662,0.9575757575757576,0.9592156862745098,0.9969542919542921
Gradient Boosting,0.967391304347826,0.9714520773344303,0.9686868686868687,0.9698446651387828,0.9929144729144728
XGBoost,0.9347826086956522,0.9460219780219781,0.9353535353535353,0.9373018356278682,0.9974189774189774
LightGBM,0.9565217391304348,0.9624163879598662,0.9575757575757576,0.9592156862745098,0.9982995982995984
