Feature,t-statistic,p-value
APOD,-3.2972982032669984,0.0012500064363401581
CCL7,-2.709209339320309,0.007625620539128833
GZMB,-2.238022519038368,0.026869984167425642
SEMA6B,1.9831651002476498,0.04939347098555007
