Feature,t-statistic,p-value
AKT1,-4.256624280332949,4.0781998192344416e-05
