Feature,Lasso,Random Forest,SVM-RFE
TFRC,0.5590371142190244,0.2777905936030006,1
AKT1,0.6329827311358642,0.37412897309455256,1
PTPRC,0.5325809403444537,0.34808043330244676,1
