Feature,Lasso,Random Forest,SVM-RFE
TFRC,0.5664232991686862,0.29256286475692816,1
PTPRC,0.5769851988740942,0.34462896308241375,1
AKT1,0.669595076962323,0.3628081721606581,1
