Feature,t-statistic,p-value
TFRC,0.6811817615677498,0.49703694126570286
PTPRC,1.5260270502900308,0.12957044202039558
AKT1,-4.256624280332949,4.0781998192344416e-05
